{
    "password_length": 10,
    "password_complexity": {
        "uppercase": true,
        "lowercase": true,
        "digits": true,
        "special_characters": true
    },
    "password_history": 3,
    "disallow_dictionary_words": true,
    "login_attempts_limit": 3,
    "disallowed_words": [
        "password", "123456", "qwerty", "admin", "letmein", "welcome", "abc123", "111111",
        "123123", "monkey", "dragon", "football", "iloveyou", "sunshine", "princess", "1q2w3e4r", "baseball",
        "superman", "master", "trustno1", "password1", "passw0rd", "secret", "qazwsx", "asdfgh", "zaq1zaq1",
        "987654321", "password123", "access", "admin123", "welcome123", "root", "login", "user", "guest", "default",
        "password!", "12345", "654321", "pass", "temp", "testing", "test123", "letmein123", "football1", "summer", "winter",
        "autumn", "spring", "sunshine123A!"
    ],
    "disallowed_special_characters": [
        "'", "\"", "\\", ";", "--", "#", "/*", "*/", "`", "$", "=", "<", ">"
    ]
}
